content_category,post_count,total_engagement,median_engagement,mean_engagement,median_eng_rate_tier1,top_platform
off_topic,89,2859698,2482.0,32131.43820224719,0.036467,youtube
experience_story,6,17512,1076.5,2918.6666666666665,0.006638,youtube
switching_to_claude,24,43917,451.0,1829.875,0.041995000000000005,reddit
tutorial_how_to,134,198632,367.5,1482.3283582089553,0.023495000000000002,youtube
comparison_vs_chatgpt,219,744736,214.0,3400.62100456621,0.020616,youtube
meme_humor,12,32358,137.5,2696.5,0.011026000000000001,reddit
claude_code_agentic,916,1504763,137.0,1642.754366812227,0.0231605,youtube
claude_features,474,587384,58.0,1239.2067510548522,0.020784999999999998,youtube
tool_comparison,9,1497,38.0,166.33333333333334,0.015663,youtube
opinion_discussion,24,62262,25.5,2594.25,0.011432000000000001,x
earn_money_business,7,6662,22.0,951.7142857142857,0.028847,x
benchmark_claim,49,13723,9.0,280.0612244897959,0.021576,youtube
creator_demo,33,199485,7.0,6045.0,0.019653999999999998,x
other,765,11904033,4.0,15560.827450980392,0.019984,x
product_review,46,27360,2.0,594.7826086956521,0.012104,youtube
workflow_use_case,53,47825,2.0,902.3584905660377,0.021728,x
prompt_engineering,36,42369,1.5,1176.9166666666667,0.015871000000000003,x
news_announcement,210,467736,1.0,2227.3142857142857,0.015756,x
safety_controversy,6,3393,0.0,565.5,0.0,x
