author_type,post_count,total_engagement,median_engagement,mean_engagement,pct_of_total_engagement
unknown,2776,17936537,22.0,6461.288544668588,95.6
creator_blogger,161,371611,593.0,2308.1428571428573,2.0
developer,141,299757,32.0,2125.936170212766,1.6
company,31,157358,3249.0,5076.064516129032,0.8
media,3,82,4.0,27.333333333333332,0.0
