author_type,post_count,total_engagement,median_engagement,mean_engagement,pct_of_total_engagement
unknown,1372,15453669,18.0,11263.607142857143,82.4
creator_blogger,786,1977606,153.0,2516.038167938931,10.5
developer,769,865852,2.0,1125.9453836150844,4.6
community_user,151,310778,520.0,2058.1324503311257,1.7
company,31,157358,3249.0,5076.064516129032,0.8
media,3,82,4.0,27.333333333333332,0.0
